timestamp,serverPort,relayDelay
2025-02-14T00:34:47.456Z,3001,3
2025-02-14T00:34:47.462Z,3004,1
2025-02-14T00:34:47.464Z,3006,2
2025-02-14T00:34:47.465Z,3001,3
2025-02-14T00:34:47.468Z,3004,4
2025-02-14T00:34:47.470Z,3006,1
2025-02-14T00:34:47.472Z,3001,3
2025-02-14T00:34:47.473Z,3004,2
2025-02-14T00:34:47.475Z,3006,2
2025-02-14T00:34:47.478Z,3001,3
2025-02-14T00:34:47.480Z,3004,2
2025-02-14T00:34:47.481Z,3006,1
2025-02-14T00:34:47.483Z,3001,3
2025-02-14T00:34:47.485Z,3004,2
2025-02-14T00:34:47.486Z,3006,3
2025-02-14T00:34:47.489Z,3001,2
2025-02-14T00:34:47.491Z,3004,2
2025-02-14T00:34:47.492Z,3006,1
2025-02-14T00:34:47.505Z,3001,2
2025-02-14T00:34:47.508Z,3004,2
2025-02-14T00:34:47.516Z,3006,2
2025-02-14T00:34:47.525Z,3001,3
2025-02-14T00:34:47.534Z,3004,1
2025-02-14T00:34:47.536Z,3006,2
2025-02-14T00:34:47.540Z,3001,3
2025-02-14T00:34:47.544Z,3004,3
2025-02-14T00:34:47.552Z,3006,2
2025-02-14T00:34:47.563Z,3001,2
2025-02-14T00:34:47.565Z,3004,2
2025-02-14T00:34:47.567Z,3006,2
2025-02-14T00:34:47.584Z,3001,3
2025-02-14T00:34:47.586Z,3006,2
2025-02-14T00:34:47.591Z,3001,3
2025-02-14T00:34:47.593Z,3006,1
2025-02-14T00:34:47.594Z,3001,4
2025-02-14T00:34:47.601Z,3006,1
2025-02-14T00:34:47.606Z,3001,3
2025-02-14T00:34:47.608Z,3006,2
2025-02-14T00:34:47.610Z,3001,3
2025-02-14T00:34:47.612Z,3006,1
2025-02-14T00:34:47.613Z,3001,3
2025-02-14T00:34:47.618Z,3006,2
2025-02-14T00:34:47.620Z,3001,2
2025-02-14T00:34:47.622Z,3006,2
2025-02-14T00:34:47.625Z,3001,3
2025-02-14T00:34:47.627Z,3006,2
2025-02-14T00:34:47.633Z,3001,2
2025-02-14T00:34:47.635Z,3006,2
2025-02-14T00:34:47.636Z,3001,6
2025-02-14T00:34:47.637Z,3006,2
2025-02-14T00:34:47.641Z,3001,2
2025-02-14T00:34:47.644Z,3006,2
2025-02-14T00:34:47.645Z,3001,2
2025-02-14T00:34:47.646Z,3006,2
2025-02-14T00:34:47.656Z,3001,10
2025-02-14T00:34:47.657Z,3006,2
2025-02-14T00:34:47.659Z,3001,2
2025-02-14T00:34:47.661Z,3006,2
2025-02-14T00:34:47.665Z,3001,3
2025-02-14T00:34:47.668Z,3006,6
2025-02-14T00:34:47.670Z,3001,2
2025-02-14T00:34:47.672Z,3006,2
2025-02-14T00:34:47.673Z,3001,3
2025-02-14T00:34:47.676Z,3006,2
2025-02-14T00:34:47.679Z,3001,3
2025-02-14T00:34:47.683Z,3006,2
2025-02-14T00:34:47.691Z,3001,2
2025-02-14T00:34:47.692Z,3006,1
2025-02-14T00:34:47.695Z,3001,2
2025-02-14T00:34:47.700Z,3006,1
2025-02-14T00:34:47.702Z,3001,3
2025-02-14T00:34:47.704Z,3006,3
2025-02-14T00:34:47.705Z,3001,2
2025-02-14T00:34:47.706Z,3006,2
2025-02-14T00:34:47.707Z,3001,2
2025-02-14T00:34:47.709Z,3006,3
2025-02-14T00:34:47.710Z,3001,3
2025-02-14T00:34:47.712Z,3006,2
2025-02-14T00:34:47.713Z,3001,3
2025-02-14T00:34:47.718Z,3006,2
2025-02-14T00:34:47.721Z,3001,2
2025-02-14T00:34:47.723Z,3006,1
2025-02-14T00:34:47.725Z,3006,2
2025-02-14T00:34:47.728Z,3006,1
2025-02-14T00:34:47.734Z,3006,1
2025-02-14T00:34:47.738Z,3006,1
2025-02-14T00:34:47.742Z,3006,1
2025-02-14T00:34:47.745Z,3006,2
2025-02-14T00:34:47.750Z,3006,2
2025-02-14T00:34:47.753Z,3006,2
2025-02-14T00:34:47.755Z,3006,2
2025-02-14T00:34:47.758Z,3006,1
2025-02-14T00:34:47.760Z,3006,2
2025-02-14T00:34:47.762Z,3006,1
2025-02-14T00:34:47.767Z,3006,2
2025-02-14T00:34:47.769Z,3006,2
2025-02-14T00:34:47.771Z,3006,1
2025-02-14T00:34:47.774Z,3006,2
2025-02-14T00:34:47.776Z,3006,2
2025-02-14T00:34:47.778Z,3006,2
2025-02-14T00:35:47.566Z,3009,3
2025-02-14T00:35:47.576Z,3009,3
2025-02-14T00:35:47.590Z,3009,2
2025-02-14T00:35:47.601Z,3009,7
2025-02-14T00:35:47.612Z,3009,2
2025-02-14T00:35:47.618Z,3009,6
2025-02-14T00:35:47.626Z,3009,3
2025-02-14T00:35:47.634Z,3009,3
2025-02-14T00:35:47.638Z,3009,3
2025-02-14T00:35:47.645Z,3009,4
2025-02-14T00:35:48.190Z,3009,17
2025-02-14T00:35:48.201Z,3009,1
2025-02-14T00:35:48.209Z,3009,3
2025-02-14T00:35:48.237Z,3009,4
2025-02-14T00:35:48.259Z,3009,3
2025-02-14T00:35:48.277Z,3009,2
2025-02-14T00:35:48.300Z,3009,3
2025-02-14T00:35:48.312Z,3009,6
2025-02-14T00:35:48.351Z,3009,2
2025-02-14T00:35:48.367Z,3009,3
2025-02-14T00:35:48.635Z,3007,2
2025-02-14T00:35:48.649Z,3007,2
2025-02-14T00:35:48.661Z,3007,3
2025-02-14T00:35:48.681Z,3007,2
2025-02-14T00:35:48.692Z,3007,3
2025-02-14T00:35:48.705Z,3000,3
2025-02-14T00:35:48.712Z,3007,3
2025-02-14T00:35:48.729Z,3007,3
2025-02-14T00:35:48.735Z,3000,2
2025-02-14T00:35:48.745Z,3007,3
2025-02-14T00:35:48.759Z,3007,3
2025-02-14T00:35:48.764Z,3000,7
2025-02-14T00:35:48.770Z,3007,3
2025-02-14T00:35:48.793Z,3007,3
2025-02-14T00:35:48.798Z,3009,3
2025-02-14T00:35:48.808Z,3009,2
2025-02-14T00:35:48.821Z,3007,3
2025-02-14T00:35:48.834Z,3007,3
2025-02-14T00:35:48.840Z,3000,2
2025-02-14T00:35:48.853Z,3009,3
2025-02-14T00:35:48.855Z,3000,3
2025-02-14T00:35:48.869Z,3007,1
2025-02-14T00:35:48.888Z,3009,4
2025-02-14T00:35:48.899Z,3007,4
2025-02-14T00:35:48.923Z,3007,6
2025-02-14T00:35:48.931Z,3009,3
2025-02-14T00:35:48.949Z,3009,2
2025-02-14T00:35:48.961Z,3009,3
2025-02-14T00:35:48.969Z,3009,3
2025-02-14T00:35:48.973Z,3009,3
2025-02-14T00:35:48.980Z,3009,3
2025-02-14T00:35:48.992Z,3009,4
2025-02-14T00:35:49.017Z,3009,3
2025-02-14T00:35:49.018Z,3009,3
2025-02-14T00:35:49.036Z,3009,3
2025-02-14T00:35:49.060Z,3009,2
2025-02-14T00:35:49.113Z,3000,3
2025-02-14T00:35:49.127Z,3000,3
2025-02-14T00:35:49.137Z,3000,3
2025-02-14T00:35:49.152Z,3000,3
2025-02-14T00:35:49.163Z,3000,3
2025-02-14T00:35:49.167Z,3000,3
2025-02-14T00:35:49.185Z,3009,2
2025-02-14T00:35:49.203Z,3007,4
2025-02-14T00:35:49.205Z,3009,1
2025-02-14T00:35:49.208Z,3007,4
2025-02-14T00:35:49.224Z,3007,2
2025-02-14T00:35:49.233Z,3009,3
2025-02-14T00:35:49.244Z,3007,3
2025-02-14T00:35:49.255Z,3009,3
2025-02-14T00:35:49.259Z,3007,2
2025-02-14T00:35:49.265Z,3009,3
2025-02-14T00:35:49.313Z,3007,3
2025-02-14T00:35:49.322Z,3007,2
2025-02-14T00:35:49.350Z,3007,3
2025-02-14T00:35:49.367Z,3007,5
2025-02-14T00:35:49.373Z,3007,3
2025-02-14T00:35:49.391Z,3007,3
2025-02-14T00:35:49.406Z,3007,2
2025-02-14T00:35:49.414Z,3007,3
2025-02-14T00:35:49.428Z,3007,2
2025-02-14T00:35:49.439Z,3007,2
2025-02-14T00:35:49.443Z,3007,3
2025-02-14T00:35:49.456Z,3007,2
2025-02-14T00:35:49.465Z,3007,3
2025-02-14T00:35:49.476Z,3007,4
2025-02-14T00:35:49.495Z,3007,2
2025-02-14T00:35:49.512Z,3007,3
2025-02-14T00:35:49.518Z,3007,2
2025-02-14T00:35:49.541Z,3007,3
2025-02-14T00:35:49.550Z,3007,3
2025-02-14T00:35:49.590Z,3007,2
2025-02-14T00:35:49.596Z,3007,2
2025-02-14T00:35:49.598Z,3007,2
2025-02-14T00:35:49.607Z,3007,2
2025-02-14T00:35:49.612Z,3007,2
2025-02-14T00:35:49.637Z,3007,2
2025-02-14T00:35:49.665Z,3007,3
2025-02-14T00:35:49.671Z,3007,1
2025-02-14T00:35:49.674Z,3007,1
2025-02-14T00:35:49.676Z,3007,3
2025-02-14T00:35:49.678Z,3000,2
2025-02-14T00:35:49.680Z,3007,2
2025-02-14T00:35:49.685Z,3007,2
2025-02-14T00:35:49.691Z,3000,3
2025-02-14T00:35:49.700Z,3000,3
2025-02-14T00:35:49.705Z,3007,2
2025-02-14T00:35:49.714Z,3000,3
2025-02-14T00:35:49.726Z,3000,9
2025-02-14T00:35:49.740Z,3000,2
2025-02-14T00:35:49.755Z,3000,3
2025-02-14T00:35:49.782Z,3002,2
2025-02-14T00:35:49.787Z,3000,2
2025-02-14T00:35:49.798Z,3000,3
2025-02-14T00:35:49.818Z,3000,4
2025-02-14T00:35:49.824Z,3002,4
2025-02-14T00:35:49.828Z,3000,3
2025-02-14T00:35:49.951Z,3007,2
2025-02-14T00:35:49.967Z,3007,2
2025-02-14T00:35:49.972Z,3007,2
2025-02-14T00:35:49.986Z,3007,2
2025-02-14T00:35:50.017Z,3007,2
2025-02-14T00:35:50.031Z,3007,1
2025-02-14T00:35:50.033Z,3007,2
2025-02-14T00:35:50.038Z,3007,2
2025-02-14T00:35:50.047Z,3007,2
2025-02-14T00:35:50.174Z,3007,2
2025-02-14T00:35:50.182Z,3007,2
2025-02-14T00:35:50.193Z,3007,2
2025-02-14T00:35:50.202Z,3007,2
2025-02-14T00:35:50.211Z,3000,1
2025-02-14T00:35:50.216Z,3007,2
2025-02-14T00:35:50.221Z,3000,3
2025-02-14T00:35:50.226Z,3002,3
2025-02-14T00:35:50.231Z,3002,3
2025-02-14T00:35:50.239Z,3000,3
2025-02-14T00:35:50.241Z,3002,3
2025-02-14T00:35:50.249Z,3002,2
2025-02-14T00:35:50.252Z,3000,2
2025-02-14T00:35:50.255Z,3002,3
2025-02-14T00:35:50.257Z,3007,2
2025-02-14T00:35:50.259Z,3002,3
2025-02-14T00:35:50.265Z,3000,1
2025-02-14T00:35:50.268Z,3002,2
2025-02-14T00:35:50.280Z,3007,2
2025-02-14T00:35:50.285Z,3000,2
2025-02-14T00:35:50.296Z,3002,4
2025-02-14T00:35:50.298Z,3000,2
2025-02-14T00:35:50.303Z,3000,1
2025-02-14T00:35:50.308Z,3002,2
2025-02-14T00:35:50.316Z,3000,3
2025-02-14T00:35:50.334Z,3000,2
2025-02-14T00:35:50.336Z,3002,3
2025-02-14T00:35:50.337Z,3000,1
2025-02-14T00:35:50.340Z,3000,1
2025-02-14T00:35:50.343Z,3002,3
2025-02-14T00:35:50.348Z,3000,1
2025-02-14T00:35:50.451Z,3002,4
2025-02-14T00:35:50.462Z,3002,3
2025-02-14T00:35:50.481Z,3002,3
2025-02-14T00:35:50.499Z,3002,3
2025-02-14T00:35:50.520Z,3002,3
2025-02-14T00:35:50.531Z,3002,3
2025-02-14T00:35:50.542Z,3002,3
2025-02-14T00:35:50.549Z,3002,2
2025-02-14T00:35:50.556Z,3002,3
2025-02-14T00:35:50.571Z,3002,3
2025-02-14T00:35:50.585Z,3002,3
2025-02-14T00:35:50.590Z,3002,3
2025-02-14T00:35:50.602Z,3002,6
2025-02-14T00:35:50.611Z,3002,2
2025-02-14T00:35:50.618Z,3002,3
2025-02-14T00:35:50.620Z,3002,3
2025-02-14T00:35:50.627Z,3007,2
2025-02-14T00:35:50.629Z,3002,3
2025-02-14T00:35:50.632Z,3002,3
2025-02-14T00:35:50.638Z,3002,2
2025-02-14T00:35:50.649Z,3002,2
2025-02-14T00:35:50.655Z,3002,3
2025-02-14T00:35:50.661Z,3002,3
2025-02-14T00:35:50.664Z,3002,2
2025-02-14T00:35:50.670Z,3002,3
2025-02-14T00:35:50.675Z,3002,2
2025-02-14T00:35:50.680Z,3002,2
2025-02-14T00:35:50.683Z,3002,3
2025-02-14T00:35:50.691Z,3002,3
2025-02-14T00:35:50.694Z,3007,1
2025-02-14T00:35:50.704Z,3002,3
2025-02-14T00:35:50.705Z,3002,2
2025-02-14T00:35:50.707Z,3007,2
2025-02-14T00:35:50.710Z,3002,2
2025-02-14T00:35:50.715Z,3007,1
2025-02-14T00:35:50.719Z,3002,3
2025-02-14T00:35:50.720Z,3007,2
2025-02-14T00:35:50.724Z,3002,2
2025-02-14T00:35:50.733Z,3007,1
2025-02-14T00:35:50.736Z,3002,3
2025-02-14T00:35:50.742Z,3007,2
2025-02-14T00:35:50.761Z,3002,3
2025-02-14T00:35:50.780Z,3007,2
2025-02-14T00:35:50.788Z,3007,1
2025-02-14T00:35:50.793Z,3002,3
2025-02-14T00:35:50.801Z,3007,2
2025-02-14T00:35:50.812Z,3007,3
2025-02-14T00:35:50.824Z,3007,2
2025-02-14T00:35:50.828Z,3007,1
2025-02-14T00:35:50.835Z,3007,1
2025-02-14T00:35:50.837Z,3002,2
2025-02-14T00:35:50.839Z,3007,2
2025-02-14T00:35:50.846Z,3002,3
2025-02-14T00:35:50.853Z,3007,2
2025-02-14T00:35:50.856Z,3002,3
2025-02-14T00:35:50.864Z,3007,2
2025-02-14T00:35:50.867Z,3002,2
2025-02-14T00:35:50.868Z,3002,3
2025-02-14T00:35:50.872Z,3002,3
2025-02-14T00:35:50.877Z,3002,2
2025-02-14T00:35:50.879Z,3002,3
2025-02-14T00:35:50.880Z,3002,3
2025-02-14T00:35:50.883Z,3002,3
2025-02-14T00:35:50.885Z,3002,3
2025-02-14T00:35:50.892Z,3002,3
2025-02-14T00:35:50.899Z,3002,3
2025-02-14T00:35:50.902Z,3007,1
2025-02-14T00:35:50.905Z,3002,3
2025-02-14T00:35:50.910Z,3007,2
2025-02-14T00:35:50.913Z,3002,3
2025-02-14T00:35:50.918Z,3002,3
2025-02-14T00:35:50.926Z,3007,2
2025-02-14T00:35:50.933Z,3002,2
2025-02-14T00:35:50.937Z,3002,3
2025-02-14T00:35:50.942Z,3007,4
2025-02-14T00:35:50.949Z,3002,3
2025-02-14T00:35:50.954Z,3002,3
2025-02-14T00:35:50.965Z,3002,3
2025-02-14T00:35:50.968Z,3000,3
2025-02-14T00:35:50.986Z,3000,3
2025-02-14T00:35:51.000Z,3000,3
2025-02-14T00:35:51.011Z,3000,1
2025-02-14T00:35:51.016Z,3000,1
2025-02-14T00:35:51.026Z,3000,2
2025-02-14T00:35:51.033Z,3000,2
2025-02-14T00:35:51.039Z,3000,2
2025-02-14T00:35:51.047Z,3000,3
2025-02-14T00:35:51.051Z,3009,3
2025-02-14T00:35:51.055Z,3000,3
2025-02-14T00:35:51.059Z,3002,3
2025-02-14T00:35:51.065Z,3002,2
2025-02-14T00:35:51.067Z,3000,3
2025-02-14T00:35:51.071Z,3002,3
2025-02-14T00:35:51.074Z,3000,2
2025-02-14T00:35:51.079Z,3002,3
2025-02-14T00:35:51.081Z,3000,2
2025-02-14T00:35:51.084Z,3002,3
2025-02-14T00:35:51.086Z,3000,1
2025-02-14T00:35:51.088Z,3002,3
2025-02-14T00:35:51.094Z,3000,2
2025-02-14T00:35:51.096Z,3002,3
2025-02-14T00:35:51.106Z,3000,1
2025-02-14T00:35:51.116Z,3000,1
2025-02-14T00:35:51.119Z,3002,3
2025-02-14T00:35:51.122Z,3000,2
2025-02-14T00:35:51.125Z,3002,3
2025-02-14T00:35:51.163Z,3000,2
2025-02-14T00:35:51.174Z,3000,2
2025-02-14T00:35:51.181Z,3000,1
2025-02-14T00:35:51.185Z,3000,3
2025-02-14T00:35:51.191Z,3000,2
2025-02-14T00:35:51.201Z,3000,2
2025-02-14T00:35:51.210Z,3000,3
2025-02-14T00:35:51.360Z,3007,3
2025-02-14T00:35:51.400Z,3007,7
2025-02-14T00:35:51.422Z,3007,2
2025-02-14T00:35:51.476Z,3007,3
2025-02-14T00:35:51.494Z,3007,3
2025-02-14T00:35:51.497Z,3002,2
2025-02-14T00:35:51.499Z,3007,3
2025-02-14T00:35:51.501Z,3002,3
2025-02-14T00:35:51.512Z,3007,2
2025-02-14T00:35:51.516Z,3002,3
2025-02-14T00:35:51.519Z,3002,3
2025-02-14T00:35:51.533Z,3002,3
2025-02-14T00:35:51.537Z,3002,2
2025-02-14T00:35:51.544Z,3002,2
2025-02-14T00:35:51.552Z,3002,3
2025-02-14T00:35:51.559Z,3002,3
2025-02-14T00:35:51.759Z,3005,3
2025-02-14T00:35:51.763Z,3005,3
2025-02-14T00:35:51.771Z,3005,3
2025-02-14T00:35:51.773Z,3005,2
2025-02-14T00:35:51.778Z,3005,3
2025-02-14T00:35:51.784Z,3005,3
2025-02-14T00:35:51.789Z,3005,3
2025-02-14T00:35:51.801Z,3005,1
2025-02-14T00:35:51.803Z,3005,3
2025-02-14T00:35:51.813Z,3005,2
2025-02-14T00:35:51.816Z,3005,3
2025-02-14T00:35:51.828Z,3005,2
2025-02-14T00:35:51.830Z,3005,1
2025-02-14T00:35:51.838Z,3005,4
2025-02-14T00:35:51.841Z,3005,3
2025-02-14T00:35:51.845Z,3005,3
2025-02-14T00:35:51.850Z,3005,2
2025-02-14T00:35:51.858Z,3005,2
2025-02-14T00:35:51.866Z,3005,2
2025-02-14T00:35:51.872Z,3005,2
2025-02-14T00:35:51.877Z,3005,2
2025-02-14T00:35:51.880Z,3005,2
2025-02-14T00:35:51.882Z,3005,2
2025-02-14T00:35:51.885Z,3005,2
2025-02-14T00:35:52.025Z,3005,2
2025-02-14T00:35:52.036Z,3005,2
2025-02-14T00:35:52.043Z,3005,2
2025-02-14T00:35:52.055Z,3005,3
2025-02-14T00:35:52.066Z,3005,2
2025-02-14T00:35:52.074Z,3005,3
2025-02-14T00:35:52.083Z,3005,2
2025-02-14T00:35:52.096Z,3005,2
2025-02-14T00:35:52.105Z,3005,2
2025-02-14T00:35:52.112Z,3005,2
2025-02-14T00:35:52.119Z,3005,2
2025-02-14T00:35:52.128Z,3005,2
2025-02-14T00:35:52.130Z,3005,1
2025-02-14T00:35:52.139Z,3005,2
2025-02-14T00:35:52.167Z,3005,2
2025-02-14T00:35:52.173Z,3005,2
2025-02-14T00:35:52.184Z,3005,2
2025-02-14T00:35:52.188Z,3005,2
2025-02-14T00:35:52.196Z,3005,2
2025-02-14T00:35:52.202Z,3005,2
2025-02-14T00:35:52.213Z,3005,6
2025-02-14T00:35:52.218Z,3005,1
2025-02-14T00:35:52.229Z,3005,2
2025-02-14T00:35:52.230Z,3005,1
2025-02-14T00:35:52.244Z,3005,7
2025-02-14T00:35:52.250Z,3005,1
2025-02-14T00:35:52.263Z,3005,3
2025-02-14T00:35:52.264Z,3005,2
2025-02-14T00:35:52.267Z,3005,2
2025-02-14T00:35:52.272Z,3005,1
2025-02-14T00:35:52.280Z,3005,4
2025-02-14T00:35:52.290Z,3005,1
2025-02-14T00:35:52.297Z,3005,1
2025-02-14T00:35:52.302Z,3005,2
2025-02-14T00:35:52.310Z,3005,2
2025-02-14T00:35:52.316Z,3005,2
2025-02-14T00:35:52.322Z,3005,2
2025-02-14T00:35:52.326Z,3005,2
2025-02-14T00:35:52.334Z,3005,2
2025-02-14T00:35:52.342Z,3005,2
2025-02-14T00:35:52.347Z,3005,2
2025-02-14T00:35:52.357Z,3005,1
2025-02-14T00:35:52.457Z,3002,3
2025-02-14T00:35:52.478Z,3002,2
2025-02-14T00:35:52.498Z,3002,3
2025-02-14T00:35:52.526Z,3002,3
2025-02-14T00:35:52.535Z,3009,2
2025-02-14T00:35:52.545Z,3009,2
2025-02-14T00:35:52.550Z,3002,2
2025-02-14T00:35:52.556Z,3009,2
2025-02-14T00:35:52.566Z,3009,2
2025-02-14T00:35:52.568Z,3009,1
2025-02-14T00:35:52.580Z,3009,2
2025-02-14T00:35:52.582Z,3002,3
2025-02-14T00:35:52.590Z,3009,2
2025-02-14T00:35:52.592Z,3002,3
2025-02-14T00:35:52.600Z,3009,2
2025-02-14T00:35:52.610Z,3002,2
2025-02-14T00:35:52.622Z,3009,6
2025-02-14T00:35:52.625Z,3003,3
2025-02-14T00:35:52.633Z,3009,3
2025-02-14T00:35:52.635Z,3003,2
2025-02-14T00:35:52.643Z,3009,2
2025-02-14T00:35:52.645Z,3002,3
2025-02-14T00:35:52.649Z,3003,2
2025-02-14T00:35:52.654Z,3009,1
2025-02-14T00:35:52.659Z,3003,3
2025-02-14T00:35:52.663Z,3009,2
2025-02-14T00:35:52.669Z,3003,3
2025-02-14T00:35:52.673Z,3002,2
2025-02-14T00:35:52.678Z,3009,2
2025-02-14T00:35:52.691Z,3009,2
2025-02-14T00:35:52.699Z,3003,3
2025-02-14T00:35:52.702Z,3002,3
2025-02-14T00:35:52.709Z,3003,2
2025-02-14T00:35:52.710Z,3009,1
2025-02-14T00:35:52.717Z,3003,2
2025-02-14T00:35:52.727Z,3009,2
2025-02-14T00:35:52.730Z,3009,2
2025-02-14T00:35:52.731Z,3002,3
2025-02-14T00:35:52.742Z,3003,3
2025-02-14T00:35:52.749Z,3009,2
2025-02-14T00:35:52.750Z,3002,3
2025-02-14T00:35:52.751Z,3009,3
2025-02-14T00:35:52.756Z,3003,3
2025-02-14T00:35:52.758Z,3003,3
2025-02-14T00:35:52.761Z,3009,1
2025-02-14T00:35:52.763Z,3002,3
2025-02-14T00:35:52.764Z,3003,3
2025-02-14T00:35:52.765Z,3009,1
2025-02-14T00:35:52.767Z,3002,3
2025-02-14T00:35:52.769Z,3009,1
2025-02-14T00:35:52.774Z,3002,3
2025-02-14T00:35:52.783Z,3009,2
2025-02-14T00:35:52.790Z,3002,2
2025-02-14T00:35:52.806Z,3009,2
2025-02-14T00:35:52.810Z,3002,3
2025-02-14T00:35:52.830Z,3009,2
2025-02-14T00:35:52.832Z,3002,3
2025-02-14T00:35:52.842Z,3002,3
2025-02-14T00:35:52.857Z,3009,2
2025-02-14T00:35:52.864Z,3002,2
2025-02-14T00:35:52.866Z,3009,1
2025-02-14T00:35:52.867Z,3002,3
2025-02-14T00:35:52.869Z,3009,2
2025-02-14T00:35:52.876Z,3009,2
2025-02-14T00:35:52.884Z,3001,3
2025-02-14T00:35:52.891Z,3001,2
2025-02-14T00:35:52.899Z,3009,2
2025-02-14T00:35:52.901Z,3001,2
2025-02-14T00:35:52.914Z,3001,4
2025-02-14T00:35:52.969Z,3001,3
2025-02-14T00:35:53.250Z,3001,2
2025-02-14T00:35:53.282Z,3001,3
2025-02-14T00:35:53.296Z,3001,7
2025-02-14T00:35:53.306Z,3001,3
2025-02-14T00:35:53.314Z,3000,3
2025-02-14T00:35:53.325Z,3001,4
2025-02-14T00:35:53.328Z,3000,3
2025-02-14T00:35:53.340Z,3001,2
2025-02-14T00:35:53.349Z,3001,3
2025-02-14T00:35:53.357Z,3000,4
2025-02-14T00:35:53.365Z,3001,3
2025-02-14T00:35:53.380Z,3001,3
2025-02-14T00:35:53.381Z,3000,4
2025-02-14T00:35:53.383Z,3001,3
2025-02-14T00:35:53.407Z,3001,2
2025-02-14T00:35:53.426Z,3001,3
2025-02-14T00:35:53.432Z,3000,2
2025-02-14T00:35:53.437Z,3001,4
2025-02-14T00:35:53.449Z,3001,3
2025-02-14T00:35:53.472Z,3001,3
2025-02-14T00:35:53.477Z,3001,2
2025-02-14T00:35:53.483Z,3001,3
2025-02-14T00:35:53.496Z,3000,4
2025-02-14T00:35:53.503Z,3001,3
2025-02-14T00:35:53.511Z,3001,2
2025-02-14T00:35:53.513Z,3000,4
2025-02-14T00:35:53.524Z,3001,10
2025-02-14T00:35:53.525Z,3001,2
2025-02-14T00:35:53.527Z,3001,3
2025-02-14T00:35:53.529Z,3000,2
2025-02-14T00:35:53.531Z,3001,5
2025-02-14T00:35:53.536Z,3000,4
2025-02-14T00:35:53.537Z,3009,2
2025-02-14T00:35:53.539Z,3009,2
2025-02-14T00:35:53.540Z,3000,4
2025-02-14T00:35:53.542Z,3000,3
2025-02-14T00:35:53.543Z,3009,2
2025-02-14T00:35:53.546Z,3000,4
2025-02-14T00:35:53.549Z,3009,2
2025-02-14T00:35:53.552Z,3000,4
2025-02-14T00:35:53.577Z,3000,4
2025-02-14T00:35:53.595Z,3000,2
2025-02-14T00:35:53.607Z,3000,3
2025-02-14T00:35:53.614Z,3000,3
2025-02-14T00:35:53.626Z,3000,4
2025-02-14T00:35:53.631Z,3000,4
2025-02-14T00:35:53.641Z,3000,5
2025-02-14T00:35:53.650Z,3000,2
2025-02-14T00:35:53.661Z,3000,3
2025-02-14T00:35:53.669Z,3009,2
2025-02-14T00:35:53.673Z,3000,4
2025-02-14T00:35:53.683Z,3009,1
2025-02-14T00:35:53.688Z,3000,4
2025-02-14T00:35:53.698Z,3000,2
2025-02-14T00:35:53.701Z,3009,1
2025-02-14T00:35:53.703Z,3000,2
2025-02-14T00:35:53.724Z,3009,1
2025-02-14T00:35:53.727Z,3009,2
2025-02-14T00:35:53.736Z,3009,2
2025-02-14T00:35:53.747Z,3009,1
2025-02-14T00:35:53.751Z,3009,1
2025-02-14T00:35:53.759Z,3009,3
2025-02-14T00:35:53.768Z,3009,4
2025-02-14T00:35:53.775Z,3009,3
2025-02-14T00:35:53.785Z,3009,3
2025-02-14T00:35:53.787Z,3009,4
2025-02-14T00:35:53.797Z,3009,3
2025-02-14T00:35:53.802Z,3009,4
2025-02-14T00:35:53.813Z,3009,4
2025-02-14T00:35:53.819Z,3009,3
2025-02-14T00:35:53.830Z,3009,3
2025-02-14T00:35:53.842Z,3009,4
2025-02-14T00:35:53.843Z,3009,2
2025-02-14T00:35:53.862Z,3009,4
2025-02-14T00:35:53.864Z,3009,4
2025-02-14T00:35:53.867Z,3009,3
2025-02-14T00:35:53.873Z,3009,4
2025-02-14T00:35:53.876Z,3009,5
2025-02-14T00:35:53.883Z,3009,3
2025-02-14T00:35:53.891Z,3009,4
2025-02-14T00:35:53.895Z,3009,4
2025-02-14T00:35:53.899Z,3003,2
2025-02-14T00:35:53.905Z,3009,5
2025-02-14T00:35:53.911Z,3003,3
2025-02-14T00:35:53.917Z,3009,2
2025-02-14T00:35:53.919Z,3009,4
2025-02-14T00:35:53.924Z,3009,5
2025-02-14T00:35:53.933Z,3009,3
2025-02-14T00:35:53.935Z,3009,4
2025-02-14T00:35:53.942Z,3009,5
2025-02-14T00:35:53.953Z,3009,4
2025-02-14T00:35:53.955Z,3003,1
2025-02-14T00:35:53.962Z,3009,3
2025-02-14T00:35:53.970Z,3003,2
2025-02-14T00:35:53.972Z,3009,3
2025-02-14T00:35:53.986Z,3003,3
2025-02-14T00:35:54.062Z,3003,2
2025-02-14T00:35:54.080Z,3003,3
2025-02-14T00:35:54.093Z,3003,3
2025-02-14T00:35:54.131Z,3003,3
2025-02-14T00:35:54.136Z,3003,3
2025-02-14T00:35:54.167Z,3003,2
2025-02-14T00:35:54.188Z,3003,3
2025-02-14T00:35:54.203Z,3003,2
2025-02-14T00:35:54.237Z,3003,2
2025-02-14T00:35:54.241Z,3009,1
2025-02-14T00:35:54.248Z,3005,2
2025-02-14T00:35:54.257Z,3003,2
2025-02-14T00:35:54.262Z,3009,4
2025-02-14T00:35:54.268Z,3003,2
2025-02-14T00:35:54.276Z,3003,3
2025-02-14T00:35:54.280Z,3003,3
2025-02-14T00:35:54.284Z,3005,2
2025-02-14T00:35:54.289Z,3003,3
2025-02-14T00:35:54.299Z,3003,3
2025-02-14T00:35:54.312Z,3005,2
2025-02-14T00:35:54.323Z,3003,6
2025-02-14T00:35:54.336Z,3005,2
2025-02-14T00:35:54.349Z,3003,3
2025-02-14T00:35:54.351Z,3005,1
2025-02-14T00:35:54.369Z,3005,2
2025-02-14T00:35:54.375Z,3003,2
2025-02-14T00:35:54.386Z,3005,2
2025-02-14T00:35:54.396Z,3003,2
2025-02-14T00:35:54.404Z,3005,2
2025-02-14T00:35:54.408Z,3005,3
2025-02-14T00:35:54.409Z,3003,2
2025-02-14T00:35:54.412Z,3005,2
2025-02-14T00:35:54.414Z,3005,2
2025-02-14T00:35:54.415Z,3003,2
2025-02-14T00:35:54.418Z,3005,3
2025-02-14T00:35:54.420Z,3003,9
2025-02-14T00:35:54.423Z,3005,3
2025-02-14T00:35:54.433Z,3003,3
2025-02-14T00:35:54.435Z,3005,4
2025-02-14T00:35:54.442Z,3003,4
2025-02-14T00:35:54.447Z,3005,3
2025-02-14T00:35:54.448Z,3003,3
2025-02-14T00:35:54.450Z,3005,2
2025-02-14T00:35:54.451Z,3005,2
2025-02-14T00:35:54.454Z,3003,3
2025-02-14T00:35:54.456Z,3005,3
2025-02-14T00:35:54.460Z,3003,3
2025-02-14T00:35:54.466Z,3005,5
2025-02-14T00:35:54.471Z,3003,3
2025-02-14T00:35:54.478Z,3005,2
2025-02-14T00:35:54.484Z,3005,1
2025-02-14T00:35:54.486Z,3003,3
2025-02-14T00:35:54.491Z,3005,3
2025-02-14T00:35:54.499Z,3003,2
2025-02-14T00:35:54.506Z,3005,3
2025-02-14T00:35:54.508Z,3005,6
2025-02-14T00:35:54.513Z,3003,3
2025-02-14T00:35:54.520Z,3000,4
2025-02-14T00:35:54.523Z,3005,2
2025-02-14T00:35:54.530Z,3005,2
2025-02-14T00:35:54.536Z,3003,3
2025-02-14T00:35:54.545Z,3005,3
2025-02-14T00:35:54.552Z,3000,3
2025-02-14T00:35:54.557Z,3005,1
2025-02-14T00:35:54.564Z,3003,3
2025-02-14T00:35:54.570Z,3000,2
2025-02-14T00:35:54.576Z,3003,2
2025-02-14T00:35:54.582Z,3005,2
2025-02-14T00:35:54.584Z,3005,3
2025-02-14T00:35:54.591Z,3000,3
2025-02-14T00:35:54.597Z,3003,1
2025-02-14T00:35:54.613Z,3000,3
2025-02-14T00:35:54.622Z,3003,2
2025-02-14T00:35:54.625Z,3005,2
2025-02-14T00:35:54.628Z,3005,3
2025-02-14T00:35:54.632Z,3000,3
2025-02-14T00:35:54.634Z,3005,2
2025-02-14T00:35:54.636Z,3005,1
2025-02-14T00:35:54.638Z,3000,3
2025-02-14T00:35:54.645Z,3005,3
2025-02-14T00:35:54.646Z,3005,3
2025-02-14T00:35:54.650Z,3005,4
2025-02-14T00:35:54.651Z,3003,3
2025-02-14T00:35:54.653Z,3000,2
2025-02-14T00:35:54.658Z,3000,3
2025-02-14T00:35:54.662Z,3005,3
2025-02-14T00:35:54.664Z,3000,3
2025-02-14T00:35:54.666Z,3005,2
2025-02-14T00:35:54.668Z,3005,2
2025-02-14T00:35:54.670Z,3000,3
2025-02-14T00:35:54.673Z,3000,3
2025-02-14T00:35:54.677Z,3000,2
2025-02-14T00:35:54.684Z,3003,3
2025-02-14T00:35:54.693Z,3000,2
2025-02-14T00:35:54.702Z,3000,2
2025-02-14T00:35:54.704Z,3003,3
2025-02-14T00:35:54.713Z,3000,3
2025-02-14T00:35:54.723Z,3000,3
2025-02-14T00:35:54.733Z,3000,2
2025-02-14T00:35:54.737Z,3003,4
2025-02-14T00:35:54.749Z,3000,3
2025-02-14T00:35:54.758Z,3003,2
2025-02-14T00:35:54.762Z,3000,3
2025-02-14T00:35:54.770Z,3000,3
2025-02-14T00:35:54.778Z,3000,6
2025-02-14T00:35:54.784Z,3000,3
2025-02-14T00:35:54.791Z,3000,3
2025-02-14T00:35:54.799Z,3000,3
2025-02-14T00:35:54.807Z,3003,3
2025-02-14T00:35:54.811Z,3000,5
2025-02-14T00:35:54.815Z,3000,3
2025-02-14T00:35:54.817Z,3003,2
2025-02-14T00:35:54.825Z,3000,2
2025-02-14T00:35:54.832Z,3003,3
2025-02-14T00:35:54.834Z,3000,2
2025-02-14T00:35:54.843Z,3000,4
2025-02-14T00:35:54.851Z,3000,3
2025-02-14T00:35:54.856Z,3000,3
2025-02-14T00:35:54.881Z,3000,4
2025-02-14T00:35:54.887Z,3003,3
2025-02-14T00:35:54.924Z,3000,6
2025-02-14T00:35:54.929Z,3005,1
2025-02-14T00:35:54.938Z,3000,4
2025-02-14T00:35:54.943Z,3003,3
2025-02-14T00:35:54.951Z,3005,2
2025-02-14T00:35:54.955Z,3000,3
2025-02-14T00:35:54.960Z,3000,3
2025-02-14T00:35:54.968Z,3005,2
2025-02-14T00:35:54.976Z,3000,4
2025-02-14T00:35:54.986Z,3000,4
2025-02-14T00:35:54.988Z,3003,2
2025-02-14T00:35:54.992Z,3000,4
2025-02-14T00:35:54.996Z,3005,2
2025-02-14T00:35:55.000Z,3000,4
2025-02-14T00:35:55.003Z,3003,3
2025-02-14T00:35:55.006Z,3003,3
2025-02-14T00:35:55.009Z,3005,1
2025-02-14T00:35:55.013Z,3000,3
2025-02-14T00:35:55.022Z,3005,1
2025-02-14T00:35:55.024Z,3000,4
2025-02-14T00:35:55.034Z,3000,4
2025-02-14T00:35:55.036Z,3003,4
2025-02-14T00:35:55.043Z,3005,1
2025-02-14T00:35:55.048Z,3000,4
2025-02-14T00:35:55.053Z,3000,4
2025-02-14T00:35:55.060Z,3005,2
2025-02-14T00:35:55.068Z,3000,5
2025-02-14T00:35:55.076Z,3000,2
2025-02-14T00:35:55.078Z,3005,1
2025-02-14T00:35:55.085Z,3003,3
2025-02-14T00:35:55.097Z,3000,3
2025-02-14T00:35:55.112Z,3000,4
2025-02-14T00:35:55.114Z,3006,1
2025-02-14T00:35:55.125Z,3006,2
2025-02-14T00:35:55.126Z,3003,3
2025-02-14T00:35:55.130Z,3006,2
2025-02-14T00:35:55.133Z,3009,4
2025-02-14T00:35:55.135Z,3005,4
2025-02-14T00:35:55.136Z,3000,4
2025-02-14T00:35:55.142Z,3005,1
2025-02-14T00:35:55.145Z,3006,2
2025-02-14T00:35:55.166Z,3000,5
2025-02-14T00:35:55.167Z,3006,2
2025-02-14T00:35:55.169Z,3000,4
2025-02-14T00:35:55.172Z,3006,1
2025-02-14T00:35:55.183Z,3009,4
2025-02-14T00:35:55.193Z,3000,2
2025-02-14T00:35:55.206Z,3006,1
2025-02-14T00:35:55.207Z,3000,4
2025-02-14T00:35:55.211Z,3006,1
2025-02-14T00:35:55.214Z,3000,4
2025-02-14T00:35:55.215Z,3006,2
2025-02-14T00:35:55.217Z,3009,4
2025-02-14T00:35:55.218Z,3000,4
2025-02-14T00:35:55.220Z,3006,1
2025-02-14T00:35:55.221Z,3003,3
2025-02-14T00:35:55.223Z,3009,2
2025-02-14T00:35:55.228Z,3003,2
2025-02-14T00:35:55.229Z,3006,2
2025-02-14T00:35:55.231Z,3009,2
2025-02-14T00:35:55.237Z,3000,3
2025-02-14T00:35:55.242Z,3003,3
2025-02-14T00:35:55.245Z,3006,1
2025-02-14T00:35:55.250Z,3000,3
2025-02-14T00:35:55.259Z,3006,2
2025-02-14T00:35:55.261Z,3009,4
2025-02-14T00:35:55.272Z,3006,1
2025-02-14T00:35:55.305Z,3009,4
2025-02-14T00:35:55.307Z,3006,1
2025-02-14T00:35:55.313Z,3000,4
2025-02-14T00:35:55.318Z,3006,1
2025-02-14T00:35:55.320Z,3009,4
2025-02-14T00:35:55.321Z,3000,4
2025-02-14T00:35:55.324Z,3000,5
2025-02-14T00:35:55.325Z,3003,3
2025-02-14T00:35:55.326Z,3009,4
2025-02-14T00:35:55.327Z,3000,4
2025-02-14T00:35:55.329Z,3000,2
2025-02-14T00:35:55.334Z,3009,10
2025-02-14T00:35:55.335Z,3000,4
2025-02-14T00:35:55.337Z,3003,3
2025-02-14T00:35:55.339Z,3009,2
2025-02-14T00:35:55.340Z,3000,3
2025-02-14T00:35:55.346Z,3000,3
2025-02-14T00:35:55.353Z,3009,5
2025-02-14T00:35:55.356Z,3009,3
2025-02-14T00:35:55.362Z,3003,3
2025-02-14T00:35:55.364Z,3009,4
2025-02-14T00:35:55.373Z,3003,3
2025-02-14T00:35:55.379Z,3003,1
2025-02-14T00:35:55.385Z,3009,4
2025-02-14T00:35:55.388Z,3003,2
2025-02-14T00:35:55.389Z,3003,3
2025-02-14T00:35:55.393Z,3009,4
2025-02-14T00:35:55.395Z,3001,2
2025-02-14T00:35:55.396Z,3003,2
2025-02-14T00:35:55.398Z,3003,2
2025-02-14T00:35:55.405Z,3009,3
2025-02-14T00:35:55.406Z,3003,7
2025-02-14T00:35:55.408Z,3003,5
2025-02-14T00:35:55.413Z,3003,3
2025-02-14T00:35:55.414Z,3009,2
2025-02-14T00:35:55.431Z,3003,2
2025-02-14T00:35:55.433Z,3003,6
2025-02-14T00:35:55.445Z,3009,3
2025-02-14T00:35:55.447Z,3001,1
2025-02-14T00:35:55.453Z,3003,2
2025-02-14T00:35:55.462Z,3003,2
2025-02-14T00:35:55.468Z,3009,4
2025-02-14T00:35:55.477Z,3003,2
2025-02-14T00:35:55.484Z,3003,2
2025-02-14T00:35:55.497Z,3003,3
2025-02-14T00:35:55.514Z,3009,2
2025-02-14T00:35:55.519Z,3001,2
2025-02-14T00:35:55.524Z,3003,3
2025-02-14T00:35:55.529Z,3003,2
2025-02-14T00:35:55.534Z,3009,4
2025-02-14T00:35:55.536Z,3003,2
2025-02-14T00:35:55.539Z,3001,1
2025-02-14T00:35:55.541Z,3003,2
2025-02-14T00:35:55.684Z,3001,2
2025-02-14T00:35:55.697Z,3009,8
2025-02-14T00:35:55.708Z,3003,3
2025-02-14T00:35:55.709Z,3003,3
2025-02-14T00:35:55.711Z,3003,2
2025-02-14T00:35:55.711Z,3001,1
2025-02-14T00:35:55.712Z,3003,2
2025-02-14T00:35:55.713Z,3009,4
2025-02-14T00:35:55.713Z,3003,2
2025-02-14T00:35:55.715Z,3001,2
2025-02-14T00:35:55.716Z,3003,2
2025-02-14T00:35:55.716Z,3009,4
2025-02-14T00:35:55.721Z,3009,3
2025-02-14T00:35:55.723Z,3009,3
2025-02-14T00:35:55.724Z,3003,2
2025-02-14T00:35:55.725Z,3009,3
2025-02-14T00:35:55.726Z,3009,4
2025-02-14T00:35:55.728Z,3001,1
2025-02-14T00:35:55.729Z,3009,2
2025-02-14T00:35:55.730Z,3001,3
2025-02-14T00:35:55.731Z,3009,4
2025-02-14T00:35:55.732Z,3009,2
2025-02-14T00:35:55.732Z,3001,1
2025-02-14T00:35:55.733Z,3009,2
2025-02-14T00:35:55.734Z,3009,4
2025-02-14T00:35:55.735Z,3001,2
2025-02-14T00:35:55.736Z,3009,4
2025-02-14T00:35:55.737Z,3009,3
2025-02-14T00:35:55.738Z,3001,1
2025-02-14T00:35:55.739Z,3009,3
2025-02-14T00:35:55.740Z,3009,8
2025-02-14T00:35:55.742Z,3001,2
2025-02-14T00:35:55.745Z,3009,2
2025-02-14T00:35:55.748Z,3001,3
2025-02-14T00:35:55.749Z,3009,4
2025-02-14T00:35:55.750Z,3009,2
2025-02-14T00:35:55.751Z,3001,2
2025-02-14T00:35:55.752Z,3009,4
2025-02-14T00:35:55.755Z,3001,1
2025-02-14T00:35:55.756Z,3009,4
2025-02-14T00:35:55.758Z,3001,2
2025-02-14T00:35:55.759Z,3009,1
2025-02-14T00:35:55.760Z,3003,2
2025-02-14T00:35:55.761Z,3001,2
2025-02-14T00:35:55.762Z,3003,3
2025-02-14T00:35:55.763Z,3009,4
2025-02-14T00:35:55.764Z,3001,4
2025-02-14T00:35:55.765Z,3009,4
2025-02-14T00:35:55.766Z,3001,1
2025-02-14T00:35:55.766Z,3009,4
2025-02-14T00:35:55.767Z,3001,3
2025-02-14T00:35:55.768Z,3001,2
2025-02-14T00:35:55.769Z,3009,2
2025-02-14T00:35:55.770Z,3001,2
2025-02-14T00:35:55.772Z,3003,3
2025-02-14T00:35:55.773Z,3001,2
2025-02-14T00:35:55.775Z,3009,3
2025-02-14T00:35:55.782Z,3003,3
2025-02-14T00:35:55.784Z,3001,2
2025-02-14T00:35:55.789Z,3009,4
2025-02-14T00:35:55.793Z,3001,2
2025-02-14T00:35:55.794Z,3003,1
2025-02-14T00:35:55.796Z,3003,2
2025-02-14T00:35:55.796Z,3001,2
2025-02-14T00:35:55.797Z,3009,1
2025-02-14T00:35:55.798Z,3001,2
2025-02-14T00:35:55.799Z,3003,3
2025-02-14T00:35:55.800Z,3009,1
2025-02-14T00:35:55.802Z,3001,2
2025-02-14T00:35:55.803Z,3003,3
2025-02-14T00:35:55.804Z,3009,1
2025-02-14T00:35:55.806Z,3001,1
2025-02-14T00:35:55.807Z,3003,3
2025-02-14T00:35:55.808Z,3001,2
2025-02-14T00:35:55.809Z,3009,4
2025-02-14T00:35:55.810Z,3003,3
2025-02-14T00:35:55.811Z,3009,4
2025-02-14T00:35:55.812Z,3001,2
2025-02-14T00:35:55.813Z,3003,2
2025-02-14T00:35:55.813Z,3009,3
2025-02-14T00:35:55.814Z,3003,2
2025-02-14T00:35:55.815Z,3001,1
2025-02-14T00:35:55.816Z,3009,1
2025-02-14T00:35:55.817Z,3009,4
2025-02-14T00:35:55.823Z,3001,2
2025-02-14T00:35:55.824Z,3009,4
2025-02-14T00:35:55.825Z,3001,2
2025-02-14T00:35:55.826Z,3001,2
2025-02-14T00:35:55.828Z,3009,2
2025-02-14T00:35:55.828Z,3001,2
2025-02-14T00:35:55.829Z,3009,2
2025-02-14T00:35:55.830Z,3001,2
2025-02-14T00:35:55.831Z,3001,2
2025-02-14T00:35:55.832Z,3009,2
2025-02-14T00:35:55.833Z,3001,3
2025-02-14T00:35:55.833Z,3001,2
2025-02-14T00:35:55.834Z,3009,4
2025-02-14T00:35:55.838Z,3001,1
2025-02-14T00:35:55.839Z,3009,2
2025-02-14T00:35:55.841Z,3001,2
2025-02-14T00:35:55.842Z,3001,2
2025-02-14T00:35:55.845Z,3001,2
2025-02-14T00:35:55.846Z,3001,2
2025-02-14T00:35:55.848Z,3001,1
2025-02-14T00:35:55.852Z,3001,1
2025-02-14T00:35:55.856Z,3001,3
2025-02-14T00:35:55.860Z,3001,2
2025-02-14T00:35:55.863Z,3001,2
2025-02-14T00:35:55.867Z,3001,1
2025-02-14T00:35:55.870Z,3001,2
2025-02-14T00:35:55.873Z,3009,1
2025-02-14T00:35:55.875Z,3001,2
2025-02-14T00:35:55.878Z,3001,2
2025-02-14T00:35:55.879Z,3009,2
2025-02-14T00:35:55.881Z,3001,2
2025-02-14T00:35:55.914Z,3001,2
2025-02-14T00:35:55.917Z,3001,1
2025-02-14T00:35:55.920Z,3001,3
2025-02-14T00:35:55.924Z,3001,2
2025-02-14T00:35:55.928Z,3001,3
2025-02-14T00:35:55.930Z,3001,1
2025-02-14T00:35:55.933Z,3001,4
2025-02-14T00:35:56.090Z,3003,2
2025-02-14T00:35:56.098Z,3003,1
2025-02-14T00:35:56.106Z,3003,3
2025-02-14T00:35:56.115Z,3003,3
2025-02-14T00:35:56.117Z,3003,2
2025-02-14T00:35:56.123Z,3003,5
2025-02-14T00:35:56.315Z,3006,3
2025-02-14T00:35:56.322Z,3006,3
2025-02-14T00:35:56.333Z,3006,3
2025-02-14T00:35:56.335Z,3006,1
2025-02-14T00:35:56.348Z,3006,3
2025-02-14T00:35:56.353Z,3006,1
2025-02-14T00:35:56.367Z,3006,2
2025-02-14T00:35:56.371Z,3006,2
2025-02-14T00:35:56.380Z,3006,3
2025-02-14T00:35:56.386Z,3006,1
2025-02-14T00:35:56.396Z,3006,2
2025-02-14T00:35:56.409Z,3006,2
2025-02-14T00:35:56.414Z,3006,3
2025-02-14T00:35:56.420Z,3006,3
2025-02-14T00:35:56.429Z,3006,2
2025-02-14T00:35:56.433Z,3006,3
2025-02-14T00:35:56.437Z,3006,3
2025-02-14T00:35:56.443Z,3006,4
2025-02-14T00:35:56.453Z,3006,2
2025-02-14T00:35:56.459Z,3006,2
2025-02-14T00:35:56.467Z,3006,2
2025-02-14T00:35:56.477Z,3006,3
2025-02-14T00:35:56.481Z,3006,1
2025-02-14T00:35:56.485Z,3006,1
2025-02-14T00:35:56.488Z,3006,3
2025-02-14T00:35:56.491Z,3006,2
2025-02-14T00:35:56.495Z,3006,3
2025-02-14T00:35:56.499Z,3006,2
2025-02-14T00:35:56.502Z,3006,2
2025-02-14T00:35:56.505Z,3006,3
2025-02-14T00:35:56.509Z,3006,2
2025-02-14T00:35:56.513Z,3006,2
2025-02-14T00:35:56.516Z,3006,1
2025-02-14T00:35:56.519Z,3006,1
2025-02-14T00:35:56.522Z,3006,3
2025-02-14T00:35:56.526Z,3006,1
2025-02-14T00:35:56.529Z,3006,2
2025-02-14T00:35:56.532Z,3006,7
2025-02-14T00:35:56.534Z,3006,4
2025-02-14T00:35:56.537Z,3006,3
2025-02-14T00:35:56.543Z,3006,2
2025-02-14T00:35:56.548Z,3006,3
2025-02-14T00:35:56.553Z,3006,3
2025-02-14T00:35:56.561Z,3006,1
2025-02-14T00:35:56.566Z,3006,2
2025-02-14T00:35:56.571Z,3006,3
2025-02-14T00:35:56.577Z,3006,2
2025-02-14T00:35:56.583Z,3006,4
2025-02-14T00:35:56.588Z,3006,2
2025-02-14T00:35:56.594Z,3006,3
2025-02-14T00:35:56.601Z,3006,3
2025-02-14T00:35:56.607Z,3006,3
2025-02-14T00:35:56.633Z,3006,3
2025-02-14T00:35:56.636Z,3006,2
2025-02-14T00:35:56.639Z,3006,3
2025-02-14T00:35:56.644Z,3006,2
2025-02-14T00:35:56.648Z,3006,3
2025-02-14T00:35:56.652Z,3006,3
2025-02-14T00:35:56.665Z,3006,3
2025-02-14T00:35:56.670Z,3006,4
2025-02-14T00:35:56.678Z,3006,3
2025-02-14T00:35:56.683Z,3006,3
2025-02-14T00:35:56.688Z,3006,2
2025-02-14T00:35:56.698Z,3006,4
2025-02-14T00:35:56.703Z,3006,3
2025-02-14T00:35:56.708Z,3006,2
2025-02-14T00:35:56.713Z,3006,2
2025-02-14T00:35:56.718Z,3006,4
2025-02-14T00:35:56.726Z,3006,3
2025-02-14T00:35:56.730Z,3006,3
2025-02-14T00:35:56.736Z,3006,2
2025-02-14T00:35:56.741Z,3006,3
2025-02-14T00:35:56.747Z,3006,3
2025-02-14T00:35:56.756Z,3006,3
2025-02-14T00:35:56.761Z,3006,3
2025-02-14T00:35:56.763Z,3004,2
2025-02-14T00:35:56.767Z,3006,2
2025-02-14T00:35:56.772Z,3004,2
2025-02-14T00:35:56.774Z,3006,3
2025-02-14T00:35:56.779Z,3004,1
2025-02-14T00:35:56.782Z,3006,3
2025-02-14T00:35:56.788Z,3004,1
2025-02-14T00:35:56.793Z,3006,3
2025-02-14T00:35:56.798Z,3006,3
2025-02-14T00:35:56.799Z,3004,2
2025-02-14T00:35:56.803Z,3004,2
2025-02-14T00:35:56.805Z,3006,3
2025-02-14T00:35:56.811Z,3006,3
2025-02-14T00:35:56.814Z,3004,1
2025-02-14T00:35:56.821Z,3004,2
2025-02-14T00:35:56.823Z,3006,1
2025-02-14T00:35:56.828Z,3004,2
2025-02-14T00:35:56.830Z,3006,2
2025-02-14T00:35:56.834Z,3004,1
2025-02-14T00:35:56.840Z,3006,2
2025-02-14T00:35:56.846Z,3004,1
2025-02-14T00:35:56.849Z,3006,3
2025-02-14T00:35:56.853Z,3004,1
2025-02-14T00:35:56.854Z,3006,1
2025-02-14T00:35:56.862Z,3006,3
2025-02-14T00:35:56.864Z,3004,1
2025-02-14T00:35:56.872Z,3006,3
2025-02-14T00:35:56.874Z,3004,2
2025-02-14T00:35:56.878Z,3006,3
2025-02-14T00:35:56.885Z,3006,4
2025-02-14T00:35:56.886Z,3004,3
2025-02-14T00:35:56.895Z,3006,2
2025-02-14T00:35:56.896Z,3004,4
2025-02-14T00:35:56.901Z,3004,3
2025-02-14T00:35:56.916Z,3004,2
2025-02-14T00:35:56.919Z,3004,3
2025-02-14T00:35:56.927Z,3004,2
2025-02-14T00:35:56.935Z,3004,3
2025-02-14T00:35:56.942Z,3004,3
2025-02-14T00:35:56.944Z,3006,3
2025-02-14T00:35:56.949Z,3004,4
2025-02-14T00:35:56.951Z,3006,3
2025-02-14T00:35:56.959Z,3006,2
2025-02-14T00:35:56.961Z,3004,2
2025-02-14T00:35:56.969Z,3004,3
2025-02-14T00:35:56.978Z,3004,3
2025-02-14T00:35:56.983Z,3004,2
2025-02-14T00:35:56.990Z,3004,2
2025-02-14T00:35:56.997Z,3004,3
2025-02-14T00:35:57.003Z,3004,3
2025-02-14T00:35:57.009Z,3004,3
2025-02-14T00:35:57.015Z,3004,2
2025-02-14T00:35:57.018Z,3004,1
2025-02-14T00:35:57.021Z,3004,1
2025-02-14T00:35:57.027Z,3004,2
2025-02-14T00:35:57.031Z,3004,2
2025-02-14T00:35:57.033Z,3004,4
2025-02-14T00:35:57.037Z,3004,1
2025-02-14T00:35:57.039Z,3004,1
2025-02-14T00:35:57.043Z,3004,1
2025-02-14T00:35:57.046Z,3004,3
2025-02-14T00:35:57.050Z,3004,3
2025-02-14T00:35:57.223Z,3004,1
2025-02-14T00:35:57.228Z,3004,1
2025-02-14T00:35:57.233Z,3004,2
2025-02-14T00:35:57.235Z,3004,1
2025-02-14T00:35:57.240Z,3004,4
2025-02-14T00:35:57.245Z,3004,3
2025-02-14T00:35:57.249Z,3004,5
2025-02-14T00:35:57.254Z,3004,4
2025-02-14T00:35:57.258Z,3004,3
2025-02-14T00:35:57.262Z,3004,4
2025-02-14T00:35:57.265Z,3004,3
2025-02-14T00:35:57.267Z,3004,3
2025-02-14T00:35:57.269Z,3004,3
2025-02-14T00:35:57.271Z,3004,2
2025-02-14T00:35:57.277Z,3004,3
2025-02-14T00:35:57.280Z,3004,3
2025-02-14T00:35:57.282Z,3004,4
2025-02-14T00:35:57.285Z,3004,1
2025-02-14T00:35:57.287Z,3004,3
2025-02-14T00:35:57.290Z,3004,2
2025-02-14T00:35:57.293Z,3004,3
2025-02-14T00:35:57.296Z,3004,4
2025-02-14T00:35:57.299Z,3004,4
2025-02-14T00:35:57.301Z,3004,1
2025-02-14T00:35:57.304Z,3004,1
2025-02-14T00:35:57.306Z,3004,2
2025-02-14T00:35:57.309Z,3004,3
2025-02-14T00:35:57.313Z,3004,4
2025-02-14T00:35:57.315Z,3004,4
2025-02-14T00:35:57.317Z,3004,4
2025-02-14T00:35:57.321Z,3004,4
2025-02-14T00:35:57.324Z,3004,2
2025-02-14T00:35:57.327Z,3004,3
2025-02-14T00:35:57.330Z,3004,2
2025-02-14T00:35:57.332Z,3004,4
2025-02-14T00:35:57.334Z,3004,2
2025-02-14T00:35:57.336Z,3004,4
2025-02-14T00:35:57.338Z,3004,2
2025-02-14T00:35:57.340Z,3004,3
2025-02-14T00:35:57.343Z,3004,4
2025-02-14T00:35:57.346Z,3004,2
2025-02-14T00:35:57.348Z,3004,4
2025-02-14T00:35:57.351Z,3004,2
2025-02-14T00:35:57.353Z,3004,4
2025-02-14T00:35:57.355Z,3004,2
2025-02-14T00:35:57.358Z,3004,4
2025-02-14T00:35:57.360Z,3004,1
2025-02-14T00:35:57.363Z,3004,3
2025-02-14T00:35:57.365Z,3004,4
2025-02-14T00:35:57.367Z,3004,4
2025-02-14T00:35:57.369Z,3004,3
2025-02-14T00:35:57.371Z,3004,2
2025-02-14T00:35:57.374Z,3004,3
2025-02-14T00:35:57.376Z,3004,3
2025-02-14T00:35:57.379Z,3004,4
2025-02-14T00:35:57.381Z,3004,6
2025-02-14T00:35:57.454Z,3004,3
2025-02-14T00:35:57.457Z,3004,1
2025-02-14T00:35:57.463Z,3004,2
2025-02-14T00:35:57.469Z,3004,2
2025-02-14T00:35:57.475Z,3004,3
2025-02-14T00:35:57.482Z,3004,3
2025-02-14T00:35:57.487Z,3004,4
2025-02-14T00:35:57.497Z,3004,5
2025-02-14T00:35:57.503Z,3004,4
2025-02-14T00:35:57.508Z,3004,4
2025-02-14T00:35:57.513Z,3004,4
2025-02-14T00:35:57.591Z,3004,4
2025-02-14T00:35:57.593Z,3004,3
2025-02-14T00:35:57.595Z,3004,2
2025-02-14T00:35:57.597Z,3004,6
2025-02-14T00:35:57.600Z,3004,4
2025-02-14T00:35:57.604Z,3004,4
2025-02-14T00:35:57.606Z,3004,4
2025-02-14T00:35:57.608Z,3004,3
2025-02-14T00:35:57.612Z,3004,2
2025-02-14T00:35:57.614Z,3004,3
2025-02-14T00:35:57.616Z,3004,2
2025-02-14T00:35:57.619Z,3004,4
2025-02-14T00:35:57.621Z,3004,2
2025-02-14T00:35:57.624Z,3004,2
2025-02-14T00:35:57.627Z,3004,4
2025-02-14T00:35:57.629Z,3004,4
2025-02-14T00:35:57.631Z,3004,2
2025-02-14T00:35:57.634Z,3004,2
2025-02-14T00:35:57.636Z,3004,3
2025-02-14T00:35:57.638Z,3004,4
2025-02-14T00:35:57.642Z,3004,3
2025-02-14T00:35:57.647Z,3004,2
2025-02-14T00:35:57.652Z,3004,1
2025-02-14T00:35:57.656Z,3004,6
2025-02-14T00:35:57.661Z,3004,4
2025-02-14T00:35:57.665Z,3004,4
2025-02-14T00:35:57.669Z,3004,2
2025-02-14T00:35:57.673Z,3004,4
2025-02-14T00:35:57.677Z,3004,3
2025-02-14T00:35:57.682Z,3004,4
2025-02-14T00:35:57.684Z,3004,3
2025-02-14T00:35:57.687Z,3004,2
2025-02-14T00:35:57.689Z,3004,4
2025-02-14T00:35:57.692Z,3004,4
2025-02-14T00:35:57.695Z,3004,2
2025-02-14T00:35:57.697Z,3004,2
2025-02-14T00:35:57.699Z,3004,2
2025-02-14T00:35:57.701Z,3004,4
2025-02-14T00:35:57.704Z,3004,2
2025-02-14T00:35:57.707Z,3004,2
2025-02-14T00:35:57.710Z,3004,4
2025-02-14T00:35:57.712Z,3004,2
2025-02-14T00:35:57.715Z,3004,4
2025-02-14T00:35:57.717Z,3004,4
2025-02-14T00:35:57.721Z,3004,4
2025-02-14T00:35:57.727Z,3004,2
2025-02-14T00:35:57.732Z,3004,2
2025-02-14T00:35:57.734Z,3004,4
2025-02-14T00:35:57.736Z,3004,3
2025-02-14T00:35:57.739Z,3004,2
2025-02-14T00:35:57.742Z,3004,2
2025-02-14T00:35:57.745Z,3004,4
2025-02-14T00:35:57.747Z,3004,4
2025-02-14T00:35:57.750Z,3004,5
2025-02-14T00:35:57.752Z,3004,4
2025-02-14T00:35:57.754Z,3004,3
2025-02-14T00:35:57.757Z,3004,2
2025-02-14T00:35:57.760Z,3004,4
2025-02-14T00:35:57.762Z,3004,4
2025-02-14T00:35:57.765Z,3004,4
2025-02-14T00:35:57.807Z,3004,3
2025-02-14T00:35:57.810Z,3004,2
2025-02-14T00:35:57.812Z,3004,1
2025-02-14T00:35:57.814Z,3004,1
2025-02-14T00:35:57.819Z,3004,2
2025-02-14T00:35:57.822Z,3004,4
2025-02-14T00:35:57.826Z,3004,3
2025-02-14T00:35:57.828Z,3004,4
2025-02-14T00:35:57.831Z,3004,4
2025-02-14T00:35:57.833Z,3004,4
2025-02-14T00:35:59.801Z,3004,4
2025-02-14T00:35:59.807Z,3004,4
2025-02-14T00:35:59.813Z,3004,3
2025-02-14T00:35:59.816Z,3004,4
2025-02-14T00:35:59.819Z,3004,4
2025-02-14T00:35:59.822Z,3004,7
2025-02-14T00:35:59.826Z,3004,4
2025-02-14T00:35:59.833Z,3004,4
2025-02-14T00:35:59.845Z,3004,4
2025-02-14T00:36:01.467Z,3008,1
2025-02-14T00:36:01.472Z,3008,2
2025-02-14T00:36:01.475Z,3008,2
2025-02-14T00:36:01.481Z,3008,2
2025-02-14T00:36:01.484Z,3008,2
2025-02-14T00:36:01.488Z,3008,2
2025-02-14T00:36:01.493Z,3008,4
2025-02-14T00:36:01.496Z,3008,2
2025-02-14T00:36:01.499Z,3008,5
2025-02-14T00:36:01.505Z,3008,2
2025-02-14T00:36:01.509Z,3008,2
2025-02-14T00:36:01.511Z,3008,4
2025-02-14T00:36:01.514Z,3008,4
2025-02-14T00:36:01.519Z,3008,4
2025-02-14T00:36:01.522Z,3008,4
2025-02-14T00:36:01.526Z,3008,7
2025-02-14T00:36:01.534Z,3008,4
2025-02-14T00:36:01.541Z,3008,4
2025-02-14T00:36:01.552Z,3008,3
2025-02-14T00:36:01.561Z,3008,4
2025-02-14T00:36:01.566Z,3008,4
2025-02-14T00:36:01.576Z,3008,4
2025-02-14T00:36:01.579Z,3008,4
2025-02-14T00:36:01.582Z,3008,5
2025-02-14T00:36:01.655Z,3008,2
2025-02-14T00:36:01.667Z,3008,4
2025-02-14T00:36:01.674Z,3008,4
2025-02-14T00:36:01.680Z,3008,4
2025-02-14T00:36:01.690Z,3008,4
2025-02-14T00:36:01.695Z,3008,4
2025-02-14T00:36:01.701Z,3008,4
2025-02-14T00:36:01.709Z,3008,4
2025-02-14T00:36:01.718Z,3008,2
2025-02-14T00:36:01.727Z,3008,1
2025-02-14T00:36:01.855Z,3008,4
2025-02-14T00:36:01.863Z,3008,4
2025-02-14T00:36:01.875Z,3008,4
2025-02-14T00:36:01.881Z,3008,4
2025-02-14T00:36:01.891Z,3008,1
2025-02-14T00:36:01.902Z,3008,3
2025-02-14T00:36:01.908Z,3008,4
2025-02-14T00:36:01.914Z,3008,4
2025-02-14T00:36:01.922Z,3008,3
2025-02-14T00:36:01.927Z,3008,4
2025-02-14T00:36:01.931Z,3008,4
2025-02-14T00:36:01.933Z,3008,2
2025-02-14T00:36:01.940Z,3008,4
2025-02-14T00:36:01.945Z,3008,4
2025-02-14T00:36:01.951Z,3008,4
2025-02-14T00:36:01.956Z,3008,1
2025-02-14T00:36:01.962Z,3008,4
2025-02-14T00:36:01.967Z,3008,5
2025-02-14T00:36:01.973Z,3008,4
2025-02-14T00:36:01.978Z,3008,3
2025-02-14T00:36:01.983Z,3008,4
2025-02-14T00:36:01.989Z,3008,4
2025-02-14T00:36:01.994Z,3008,4
2025-02-14T00:36:01.998Z,3008,3
2025-02-14T00:36:02.001Z,3008,4
2025-02-14T00:36:02.004Z,3008,2
2025-02-14T00:36:02.007Z,3008,4
2025-02-14T00:36:02.009Z,3008,4
2025-02-14T00:36:02.012Z,3008,4
2025-02-14T00:36:02.017Z,3008,4
2025-02-14T00:36:02.021Z,3008,4
2025-02-14T00:36:02.023Z,3008,4
2025-02-14T00:36:02.025Z,3008,4
2025-02-14T00:36:02.028Z,3008,3
2025-02-14T00:36:02.030Z,3008,3
2025-02-14T00:36:02.033Z,3008,5
2025-02-14T00:36:02.045Z,3008,4
2025-02-14T00:36:02.056Z,3008,1
2025-02-14T00:36:02.064Z,3008,4
2025-02-14T00:36:02.066Z,3008,3
2025-02-14T00:36:02.069Z,3008,4
2025-02-14T00:36:02.073Z,3008,5
2025-02-14T00:36:02.075Z,3008,4
2025-02-14T00:36:02.077Z,3008,5
2025-02-14T00:36:02.079Z,3008,4
2025-02-14T00:36:02.082Z,3008,4
2025-02-14T00:36:02.085Z,3008,3
2025-02-14T00:36:02.088Z,3008,4
2025-02-14T00:36:02.090Z,3008,3
2025-02-14T00:36:02.093Z,3008,4
2025-02-14T00:36:02.095Z,3008,5
2025-02-14T00:36:02.097Z,3008,5
2025-02-14T00:36:02.101Z,3008,4
2025-02-14T00:36:02.104Z,3008,4
2025-02-14T00:36:02.106Z,3008,4
2025-02-14T00:36:02.109Z,3008,4
2025-02-14T00:36:02.111Z,3008,2
2025-02-14T00:36:02.113Z,3008,4
2025-02-14T00:36:02.116Z,3008,4
2025-02-14T00:36:02.119Z,3008,2
2025-02-14T00:36:02.121Z,3008,5
2025-02-14T00:36:02.123Z,3008,4
2025-02-14T00:36:02.126Z,3008,4
2025-02-14T00:36:02.128Z,3008,1
2025-02-14T00:36:02.130Z,3008,4
2025-02-14T00:36:02.132Z,3008,4
2025-02-14T00:36:02.135Z,3008,1
2025-02-14T00:36:02.138Z,3008,4
2025-02-14T00:36:02.140Z,3008,3
2025-02-14T00:36:02.142Z,3008,4
2025-02-14T00:36:02.145Z,3008,5
2025-02-14T00:36:02.147Z,3008,4
2025-02-14T00:36:02.150Z,3008,2
2025-02-14T00:36:02.152Z,3008,2
2025-02-14T00:36:02.158Z,3008,4
2025-02-14T00:36:02.161Z,3008,4
2025-02-14T00:36:02.163Z,3008,1
2025-02-14T00:36:02.166Z,3008,3
2025-02-14T00:36:02.169Z,3008,4
2025-02-14T00:36:02.171Z,3008,4
2025-02-14T00:36:02.173Z,3008,3
2025-02-14T00:36:02.175Z,3008,4
2025-02-14T00:36:02.177Z,3008,2
2025-02-14T00:36:02.179Z,3008,4
2025-02-14T00:36:02.182Z,3008,2
2025-02-14T00:36:02.184Z,3008,3
2025-02-14T00:36:02.187Z,3008,1
2025-02-14T00:36:02.189Z,3008,4
2025-02-14T00:36:02.191Z,3008,4
2025-02-14T00:36:02.194Z,3008,4
2025-02-14T00:36:02.196Z,3008,4
2025-02-14T00:36:02.198Z,3008,6
2025-02-14T00:36:02.201Z,3008,4
2025-02-14T00:36:02.203Z,3008,4
2025-02-14T00:36:02.206Z,3008,5
2025-02-14T00:36:02.210Z,3008,5
2025-02-14T00:36:02.212Z,3008,4
2025-02-14T00:36:02.214Z,3008,4
2025-02-14T00:36:02.217Z,3008,4
2025-02-14T00:36:02.220Z,3008,4
2025-02-14T00:36:02.222Z,3008,3
2025-02-14T00:36:02.224Z,3008,4
2025-02-14T00:36:02.226Z,3008,2
2025-02-14T00:36:02.228Z,3008,2
2025-02-14T00:36:02.230Z,3008,4
2025-02-14T00:36:02.233Z,3008,2
2025-02-14T00:36:02.236Z,3008,2
2025-02-14T00:36:02.239Z,3008,4
2025-02-14T00:36:02.241Z,3008,2
2025-02-14T00:36:02.243Z,3008,4
2025-02-14T00:36:02.245Z,3008,4
2025-02-14T00:36:02.247Z,3008,5
2025-02-14T00:36:02.249Z,3008,4
2025-02-14T00:36:02.252Z,3008,3
2025-02-14T00:36:02.255Z,3008,6
2025-02-14T00:36:02.257Z,3008,3
2025-02-14T00:36:02.259Z,3008,3
2025-02-14T00:36:02.262Z,3008,4
2025-02-14T00:36:02.265Z,3008,4
2025-02-14T00:36:02.268Z,3008,2
2025-02-14T00:36:02.271Z,3008,3
2025-02-14T00:36:02.273Z,3008,4
2025-02-14T00:36:02.275Z,3008,3
2025-02-14T00:36:02.277Z,3008,5
2025-02-14T00:36:02.279Z,3008,6
2025-02-14T00:36:02.281Z,3008,4
2025-02-14T00:36:02.283Z,3008,4
2025-02-14T00:36:02.285Z,3008,4
2025-02-14T00:36:02.288Z,3008,4
2025-02-14T00:36:02.290Z,3008,3
2025-02-14T00:36:02.292Z,3008,4
2025-02-14T00:36:02.294Z,3008,4
2025-02-14T00:36:02.296Z,3008,3
2025-02-14T00:36:02.298Z,3008,4
2025-02-14T00:36:02.300Z,3008,3
2025-02-14T00:36:02.303Z,3008,2
2025-02-14T00:36:02.305Z,3008,3
2025-02-14T00:36:02.307Z,3008,5
2025-02-14T00:36:02.309Z,3008,4
2025-02-14T00:36:02.312Z,3008,4
2025-02-14T00:36:02.313Z,3008,4
2025-02-14T00:36:02.316Z,3008,4
2025-02-14T00:36:02.318Z,3008,4
2025-02-14T00:36:02.320Z,3008,4
2025-02-14T00:36:02.322Z,3008,3
2025-02-14T00:36:02.324Z,3008,4
2025-02-14T00:36:02.326Z,3008,4
2025-02-14T00:36:02.328Z,3008,4
2025-02-14T00:36:02.330Z,3008,4
2025-02-14T00:36:02.332Z,3008,3
2025-02-14T00:36:02.335Z,3008,3
2025-02-14T00:36:02.337Z,3008,4
2025-02-14T00:36:02.339Z,3008,4
2025-02-14T00:36:02.341Z,3008,4
2025-02-14T00:36:02.343Z,3008,4
2025-02-14T00:36:02.345Z,3008,5
2025-02-14T00:36:02.346Z,3008,4
2025-02-14T00:36:02.348Z,3008,4
2025-02-14T00:36:02.351Z,3008,4
2025-02-14T00:36:02.354Z,3008,4
2025-02-14T00:36:02.356Z,3008,3
2025-02-14T00:36:02.360Z,3008,4
2025-02-14T00:36:02.365Z,3008,2
2025-02-14T00:36:02.412Z,3008,11
2025-02-14T00:36:02.414Z,3008,4
2025-02-14T00:36:02.416Z,3008,4
2025-02-14T00:36:02.420Z,3008,4
2025-02-14T00:36:02.422Z,3008,2
2025-02-14T00:36:02.424Z,3008,4
2025-02-14T00:36:02.426Z,3008,4
2025-02-14T00:36:02.428Z,3008,2
2025-02-14T00:36:02.430Z,3008,5
2025-02-14T00:36:02.432Z,3008,4
2025-02-14T00:36:02.435Z,3008,3
2025-02-14T00:36:02.437Z,3008,4
2025-02-14T00:36:02.439Z,3008,3
2025-02-14T00:36:02.441Z,3008,4
2025-02-14T00:36:02.443Z,3008,4
2025-02-14T00:36:02.445Z,3008,4
2025-02-14T00:36:02.447Z,3008,4
2025-02-14T00:36:02.449Z,3008,2
2025-02-14T00:36:02.451Z,3008,4
2025-02-14T00:36:02.454Z,3008,4
2025-02-14T00:36:02.456Z,3008,4
2025-02-14T00:36:02.458Z,3008,5
2025-02-14T00:36:02.460Z,3008,4
2025-02-14T00:36:02.461Z,3008,4
2025-02-14T00:36:02.466Z,3008,3
2025-02-14T00:36:02.469Z,3008,4
2025-02-14T00:36:02.472Z,3008,3
2025-02-14T00:36:02.477Z,3008,4
2025-02-14T00:36:02.478Z,3008,3
2025-02-14T00:36:02.488Z,3008,4
2025-02-14T00:36:02.491Z,3008,4
2025-02-14T00:36:02.493Z,3008,3
2025-02-14T00:36:02.495Z,3008,4
2025-02-14T00:36:02.499Z,3008,4
2025-02-14T00:36:02.501Z,3008,4
2025-02-14T00:36:02.504Z,3008,4
2025-02-14T00:36:02.506Z,3008,4
2025-02-14T00:36:02.511Z,3008,8
2025-02-14T00:36:02.514Z,3008,4
2025-02-14T00:36:02.516Z,3008,3
2025-02-14T00:36:02.519Z,3008,4
2025-02-14T00:36:02.522Z,3008,3
2025-02-14T00:36:02.526Z,3008,4
2025-02-14T00:36:02.529Z,3008,4
2025-02-14T00:36:02.531Z,3008,4
2025-02-14T00:36:02.533Z,3008,4
2025-02-14T00:36:02.536Z,3008,4
2025-02-14T00:36:02.538Z,3008,4
2025-02-14T00:36:02.540Z,3008,4
2025-02-14T00:36:02.543Z,3008,4
2025-02-14T00:36:02.546Z,3008,4
2025-02-14T00:36:02.548Z,3008,4
2025-02-14T00:36:02.551Z,3008,4
2025-02-14T00:36:03.688Z,3008,4
2025-02-14T00:36:03.696Z,3008,5
2025-02-14T00:36:03.700Z,3008,4
2025-02-14T00:36:03.703Z,3008,4
2025-02-14T00:36:03.706Z,3008,2
2025-02-14T00:36:03.709Z,3008,8
